id,conversation_id,created_at,date,time,timezone,user_id,username,name,place,tweet,language,mentions,urls,photos,replies_count,retweets_count,likes_count,hashtags,cashtags,link,retweet,quote_url,video,thumbnail,near,geo,source,user_rt_id,user_rt,retweet_id,reply_to,retweet_date,translate,trans_src,trans_dest
1492213769082216454,1492157034686414852	,2022-02-12 03:07:41 Malay Peninsula Standard Time,2022-02-12,03:07:41,+0800,58069392,morcosa,Alex Morcos,,"@Bob_Wachter Really appreciated following you thorough out the pandemic and as someone who has made my second career working on Bitcoin, this made me smile.  I‚Äôm not sure you‚Äôre wrong at all, but if you ever want a grounded intro into Bitcoin, i‚Äôm happy to provide it.",en,['bob_wachter'],[],[],0,0,5,[],[],https://twitter.com/morcosa/status/1492213769082216454,,,0,,,,,,,,"{'user_id': '239210681', 'username': 'Bob_Wachter'}",,,,
1487492221435879431,1487459827152408581	,2022-01-30 02:25:56 Malay Peninsula Standard Time,2022-01-30,02:25:56,+0800,58069392,morcosa,Alex Morcos,,@NeerajKA first 10 words seem unnecessary,en,['neerajka'],[],[],0,0,4,[],[],https://twitter.com/morcosa/status/1487492221435879431,,,0,,,,,,,,"{'user_id': '14710235', 'username': 'NeerajKA'}",,,,
1483143894766440459,1483083369915183105	,2022-01-18 02:27:14 Malay Peninsula Standard Time,2022-01-18,02:27:14,+0800,58069392,morcosa,Alex Morcos,,@JeremyRubin @TheBlueMatt @NeerajKA heh i‚Äôm a trendsetter.,en,"['jeremyrubin', 'thebluematt', 'neerajka']",[],[],0,0,6,[],[],https://twitter.com/morcosa/status/1483143894766440459,,,0,,,,,,,,"{'user_id': '379400685', 'username': 'JeremyRubin'}",,,,
1429985000909418496,1429806996505518087	,2021-08-24 09:52:46 Malay Peninsula Standard Time,2021-08-24,09:52:46,+0800,58069392,morcosa,Alex Morcos,,"@Bob_Wachter @US_FDA Followed you since last Mar. Thx for keeping us informed! I want to know why doctors are supportive of enrolling kids (&lt;12) in trials but not willing to prescribe that exact same trial dose off label? Population wide authorization might need more data, but allow informed consent.",en,"['bob_wachter', 'us_fda']",[],[],0,0,2,[],[],https://twitter.com/morcosa/status/1429985000909418496,,,0,,,,,,,,"{'user_id': '239210681', 'username': 'Bob_Wachter'}",,,,
1429854974188609545,1429854974188609545	,2021-08-24 01:16:05 Malay Peninsula Standard Time,2021-08-24,01:16:05,+0800,58069392,morcosa,Alex Morcos,,This is blatant CYA and a disregard for the best interest of patients.  It‚Äôs completely reasonable to conclude the benefits of a 10mcg Pfizer dose outweigh the risks for under 12‚Äôs and parents should be given the choice. https://t.co/Qxrc6TywuJ,en,[],['https://www.aap.org/en/news-room/news-releases/aap/2021/american-academy-of-pediatrics-cautions-against-off-label-use-of-covid-19-vaccines-in-children-under-12/'],[],5,3,14,[],[],https://twitter.com/morcosa/status/1429854974188609545,,,0,,,,,,,,"{'user_id': None, 'username': None}",,,,
1424438098151317513,1424352926374539265	,2021-08-09 02:31:22 Malay Peninsula Standard Time,2021-08-09,02:31:22,+0800,58069392,morcosa,Alex Morcos,,@BashCo_ @TheBlueMatt @NeerajKA @coincenter @RonWyden Well I guess we'll never know the counterfactual.  What laws and regulations would we have right now if Coin Center had never existed.  I'm proud of what they do and sleep well at night that it is for the good of Bitcoin.,en,"['bashco_', 'thebluematt', 'neerajka', 'coincenter', 'ronwyden']",[],[],1,0,4,[],[],https://twitter.com/morcosa/status/1424438098151317513,,,0,,,,,,,,"{'user_id': '2418750536', 'username': 'BashCo_'}",,,,
1424435503496155138,1424352926374539265	,2021-08-09 02:21:03 Malay Peninsula Standard Time,2021-08-09,02:21:03,+0800,58069392,morcosa,Alex Morcos,,@BashCo_ @TheBlueMatt @NeerajKA @coincenter @RonWyden But Coin Center didnt create that choice.  They've been doing all they can to prevent such a provision in the first place.  Jerry posted repeatedly about how it's not necessary as IRS already can require reporting for true brokers. CC is just trying to avoid the far worse outcome,en,"['bashco_', 'thebluematt', 'neerajka', 'coincenter', 'ronwyden']",[],[],1,0,2,[],[],https://twitter.com/morcosa/status/1424435503496155138,,,0,,,,,,,,"{'user_id': '2418750536', 'username': 'BashCo_'}",,,,
1424427747875692547,1424352926374539265	,2021-08-09 01:50:14 Malay Peninsula Standard Time,2021-08-09,01:50:14,+0800,58069392,morcosa,Alex Morcos,,@BashCo_ @TheBlueMatt @NeerajKA @coincenter This is a difference on strategy not goal.  We can agree to disagree on whether protecting Ethereum is beneficial or not to the interests of Bitcoin but I think about every action Coin Center takes in the context of what is best for Bitcoin.,en,"['bashco_', 'thebluematt', 'neerajka', 'coincenter']",[],[],1,0,5,[],[],https://twitter.com/morcosa/status/1424427747875692547,,,0,,,,,,,,"{'user_id': '2418750536', 'username': 'BashCo_'}",,,,
1420747415083229184,1420739853923258372	,2021-07-29 22:05:54 Malay Peninsula Standard Time,2021-07-29,22:05:54,+0800,58069392,morcosa,Alex Morcos,,"@MrHodl @giacomozucco @Mandrik You may disagree that Coincenter is a best way to support Bitcoin, thats your prerogative.   But you know fully well Coincenter was created by Bitcoiners for Bitcoin.   But not in opposition to altcoins, but against poor regulation and entrenched interests.",en,"['mrhodl', 'giacomozucco', 'mandrik']",[],[],1,0,5,[],[],https://twitter.com/morcosa/status/1420747415083229184,,,0,,,,,,,,"{'user_id': '370872518', 'username': 'MrHodl'}",,,,
1411126119529652231,1411126119529652231	,2021-07-03 08:54:19 Malay Peninsula Standard Time,2021-07-03,08:54:19,+0800,58069392,morcosa,Alex Morcos,,I‚Äôm with Cobra here.  It‚Äôs a bad situation and he has tried to do why he thinks is best. Outside observers shouldn‚Äôt underestimate the damage Craig and Calvin are causing.,en,[],[],[],9,8,110,[],[],https://twitter.com/morcosa/status/1411126119529652231,,https://twitter.com/CobraBitcoin/status/1410893201448259586,0,,,,,,,,"{'user_id': None, 'username': None}",,,,
1402656475319787523,1402623104984174599	,2021-06-09 23:58:58 Malay Peninsula Standard Time,2021-06-09,23:58:58,+0800,58069392,morcosa,Alex Morcos,,@TheBlueMatt @pwuille @orionwl You're just on a break,en,"['thebluematt', 'pwuille', 'orionwl']",[],[],1,0,11,[],[],https://twitter.com/morcosa/status/1402656475319787523,,,0,,,,,,,,"{'user_id': '256755545', 'username': 'TheBlueMatt'}",,,,
1402619458594775041,1402573814995767297	,2021-06-09 21:31:52 Malay Peninsula Standard Time,2021-06-09,21:31:52,+0800,58069392,morcosa,Alex Morcos,,@MrHodl @kyletorpey @adam3us @jronkain @asianhodl1 @balajis @coincenter That might be a little scary,en,"['mrhodl', 'kyletorpey', 'adam3us', 'jronkain', 'asianhodl1', 'balajis', 'coincenter']",[],[],1,0,4,[],[],https://twitter.com/morcosa/status/1402619458594775041,,,0,,,,,,,,"{'user_id': '370872518', 'username': 'MrHodl'}",,,,
1402618392717234177,1402573814995767297	,2021-06-09 21:27:38 Malay Peninsula Standard Time,2021-06-09,21:27:38,+0800,58069392,morcosa,Alex Morcos,,"@MrHodl @kyletorpey @adam3us @jronkain @asianhodl1 @balajis @coincenter Next you're going to tell me look at all Chaincode has done for Dogecoin.  
I don't think Coin Center (or Chaincode) is the only way to do things.  This is a space where people contribute in the best way they can.
I'm very happy with what Jerry and the Coin Center team have done!",en,"['mrhodl', 'kyletorpey', 'adam3us', 'jronkain', 'asianhodl1', 'balajis', 'coincenter']",[],[],2,0,4,[],[],https://twitter.com/morcosa/status/1402618392717234177,,,0,,,,,,,,"{'user_id': '370872518', 'username': 'MrHodl'}",,,,
1402616470790717446,1402573814995767297	,2021-06-09 21:20:00 Malay Peninsula Standard Time,2021-06-09,21:20:00,+0800,58069392,morcosa,Alex Morcos,,@MrHodl @adam3us @jronkain @asianhodl1 @balajis @coincenter Everything they do is for Bitcoin.,en,"['mrhodl', 'adam3us', 'jronkain', 'asianhodl1', 'balajis', 'coincenter']",[],[],2,0,0,[],[],https://twitter.com/morcosa/status/1402616470790717446,,,0,,,,,,,,"{'user_id': '370872518', 'username': 'MrHodl'}",,,,
1402615012439609345,1402573814995767297	,2021-06-09 21:14:12 Malay Peninsula Standard Time,2021-06-09,21:14:12,+0800,58069392,morcosa,Alex Morcos,,"@adam3us @MrHodl @jronkain @asianhodl1 @balajis @coincenter come on Adam...  you know Coin Center is not funded by shitcoins.   Regardless, the funders don't get to decide what Coin Center advocates for. It's the reverse, they fund because they like the work it does.",en,"['adam3us', 'mrhodl', 'jronkain', 'asianhodl1', 'balajis', 'coincenter']",[],[],2,0,8,[],[],https://twitter.com/morcosa/status/1402615012439609345,,,0,,,,,,,,"{'user_id': '213236426', 'username': 'adam3us'}",,,,
1398070365608361985,1398059148810539010	,2021-05-28 08:15:24 Malay Peninsula Standard Time,2021-05-28,08:15:24,+0800,58069392,morcosa,Alex Morcos,,@twobitidiot Probably no one really likes everything about it or where it‚Äôs going or perhaps to your point not going.  But that‚Äôs also it‚Äôs greatest value. It‚Äôs really hard to influence at all.,en,['twobitidiot'],[],[],1,1,14,[],[],https://twitter.com/morcosa/status/1398070365608361985,,,0,,,,,,,,"{'user_id': '58069392', 'username': 'morcosa'}",,,,
1398069969338896384,1398059148810539010	,2021-05-28 08:13:50 Malay Peninsula Standard Time,2021-05-28,08:13:50,+0800,58069392,morcosa,Alex Morcos,,"@twobitidiot Your problem might be this phrase:
‚Äúthe biggest Bitcoin spokespeople‚Äù
Bitcoin kind of just is. No one speaks for it or is representative of what it means to most people.  It‚Äôs something different for everyone.",en,['twobitidiot'],[],[],2,4,68,[],[],https://twitter.com/morcosa/status/1398069969338896384,,,0,,,,,,,,"{'user_id': '2193616844', 'username': 'twobitidiot'}",,,,
1390286880613228546,1390286559912599553	,2021-05-06 20:46:37 Malay Peninsula Standard Time,2021-05-06,20:46:37,+0800,58069392,morcosa,Alex Morcos,,"Mining and the bitcoin blockchain should be a neutral service and should not be ""inspecting"" transactions to the degree thats possible.  It's a shortcoming of Bitcoin that that is even possible for miners to do.",en,[],[],[],6,5,45,[],[],https://twitter.com/morcosa/status/1390286880613228546,,,0,,,,,,,,"{'user_id': '58069392', 'username': 'morcosa'}",,,,
1390286559912599553,1390286559912599553	,2021-05-06 20:45:20 Malay Peninsula Standard Time,2021-05-06,20:45:20,+0800,58069392,morcosa,Alex Morcos,,"It's probably even more directly ""tainted"" than that.  All those transactions include coins that originally came from coinbases, most of which included fees derived from 1000's of transactions in other blocks.   It's almost like trying to track the electrons that power your home.",en,[],[],[],4,14,86,[],[],https://twitter.com/morcosa/status/1390286559912599553,,https://twitter.com/provoost/status/1390215111739072513,0,,,,,,,,"{'user_id': None, 'username': None}",,,,
1381689774700908546,1381642337680433154	,2021-04-13 03:24:47 Malay Peninsula Standard Time,2021-04-13,03:24:47,+0800,58069392,morcosa,Alex Morcos,,@nfosec19 @brucefenton @Kirupapushparaj There are a lot of orgs trying to help Bitcoin.  The more the better.  No one or even group of them has any official standing or ever will.,en,"['nfosec19', 'brucefenton', 'kirupapushparaj']",[],[],1,0,1,[],[],https://twitter.com/morcosa/status/1381689774700908546,,,0,,,,,,,,"{'user_id': '58069392', 'username': 'morcosa'}",,,,
1381689450296717312,1381642337680433154	,2021-04-13 03:23:30 Malay Peninsula Standard Time,2021-04-13,03:23:30,+0800,58069392,morcosa,Alex Morcos,,"@nfosec19 @brucefenton @Kirupapushparaj ok.  i see this as a much narrower scope.  i don‚Äôt think they are looking to be some sort of official representative of Bitcoin and even if they ever did try to do that, I don‚Äôt see anyone giving them that authority.",en,"['nfosec19', 'brucefenton', 'kirupapushparaj']",[],[],1,0,2,[],[],https://twitter.com/morcosa/status/1381689450296717312,,,0,,,,,,,,"{'user_id': '825085195191799809', 'username': 'nfosec19'}",,,,
1381688643270610950,1381642337680433154	,2021-04-13 03:20:17 Malay Peninsula Standard Time,2021-04-13,03:20:17,+0800,58069392,morcosa,Alex Morcos,,@nfosec19 @brucefenton @Kirupapushparaj what am i missing?,en,"['nfosec19', 'brucefenton', 'kirupapushparaj']",[],[],0,0,0,[],[],https://twitter.com/morcosa/status/1381688643270610950,,,0,,,,,,,,"{'user_id': '825085195191799809', 'username': 'nfosec19'}",,,,
1381687739062616066,1381642337680433154	,2021-04-13 03:16:42 Malay Peninsula Standard Time,2021-04-13,03:16:42,+0800,58069392,morcosa,Alex Morcos,,"@brucefenton @Kirupapushparaj Bruce what is with this crazy take?  how do you know anyone won‚Äôt be a bad actor?   why do you need assurances?  are you giving up some power to COPA?  they‚Äôre doing something good, can‚Äôt we just applaud that on its own?",en,"['brucefenton', 'kirupapushparaj']",[],[],1,0,2,[],[],https://twitter.com/morcosa/status/1381687739062616066,,,0,,,,,,,,"{'user_id': '19132398', 'username': 'brucefenton'}",,,,
1365723214748520457,1365659122394365952	,2021-02-28 01:59:22 Malay Peninsula Standard Time,2021-02-28,01:59:22,+0800,58069392,morcosa,Alex Morcos,,@TheStalwart @nic__carter Those are ‚Äúuses‚Äù where the pollution results from the activity itself not the generation of the energy used.,en,"['thestalwart', 'nic__carter']",[],[],0,0,3,[],[],https://twitter.com/morcosa/status/1365723214748520457,,,0,,,,,,,,"{'user_id': '14096763', 'username': 'TheStalwart'}",,,,
1365033145771384840,1364974324516597764	,2021-02-26 04:17:17 Malay Peninsula Standard Time,2021-02-26,04:17:17,+0800,58069392,morcosa,Alex Morcos,,"@OryCarter its one thing to require the KYC/AML procedures, but its another to say there is absolutely no way to pay with self-custodied coins.",en,['orycarter'],[],[],2,0,1,[],[],https://twitter.com/morcosa/status/1365033145771384840,,,0,,,,,,,,"{'user_id': '977300595970334720', 'username': 'OryCarter'}",,,,
1364974324516597764,1364974324516597764	,2021-02-26 00:23:33 Malay Peninsula Standard Time,2021-02-26,00:23:33,+0800,58069392,morcosa,Alex Morcos,,"This seems like a bad precedent.  See terms from the Christie's Beeple auction.  It's not Bitcoin, so I don't really care, but Bitcoin from a self-hosted wallet should not be worth less than Bitcoin hosted by someone else. https://t.co/gRylf8msQ8",en,[],[],['https://pbs.twimg.com/media/EvFc3aKWYAoox1b.png'],4,0,18,[],[],https://twitter.com/morcosa/status/1364974324516597764,,,1,https://pbs.twimg.com/media/EvFc3aKWYAoox1b.png,,,,,,,"{'user_id': None, 'username': None}",,,,
1364361454221205505,1363751091460956167	,2021-02-24 07:48:13 Malay Peninsula Standard Time,2021-02-24,07:48:13,+0800,58069392,morcosa,Alex Morcos,,@LukeDashjr @Excellion @MrHodl That‚Äôs patently false.  The assumption is MASF is going to succeed.  If you are writing mission critical code what do you do if an assumption turns out to be wrong? If you had the option to pause everything and rethink you‚Äôd obviously take that.  You don‚Äôt just charge ahead.,en,"['lukedashjr', 'excellion', 'mrhodl']",[],[],2,0,1,[],[],https://twitter.com/morcosa/status/1364361454221205505,,,0,,,,,,,,"{'user_id': '728747154', 'username': 'LukeDashjr'}",,,,
1364211822820270082,1363751091460956167	,2021-02-23 21:53:39 Malay Peninsula Standard Time,2021-02-23,21:53:39,+0800,58069392,morcosa,Alex Morcos,,@bergealex4 @Excellion @MrHodl Maybe you're right on that point.  Seems to me many aren't as sanguine as you are about Core releasing the mechanism they feel is best though.,en,"['bergealex4', 'excellion', 'mrhodl']",[],[],1,0,1,[],[],https://twitter.com/morcosa/status/1364211822820270082,,,0,,,,,,,,"{'user_id': '744660060635271168', 'username': 'bergealex4'}",,,,
1364210404084350981,1363751091460956167	,2021-02-23 21:48:00 Malay Peninsula Standard Time,2021-02-23,21:48:00,+0800,58069392,morcosa,Alex Morcos,,"@bergealex4 @Excellion @MrHodl Thats the kind of scenario I'd like to avoid.  It's a consensus split for no good reason.   Why?   If you want to lock in a UASF now if the MASF fails, do it far enough in the future that everyone else can still choose to join you if the MASF fails.",en,"['bergealex4', 'excellion', 'mrhodl']",[],[],1,0,1,[],[],https://twitter.com/morcosa/status/1364210404084350981,,,0,,,,,,,,"{'user_id': '58069392', 'username': 'morcosa'}",,,,
1364210093030580229,1363751091460956167	,2021-02-23 21:46:46 Malay Peninsula Standard Time,2021-02-23,21:46:46,+0800,58069392,morcosa,Alex Morcos,,"@bergealex4 @Excellion @MrHodl we now have some significant minority of the network running LOT=true so their date is already set, but the vast majority of installed software needs a new activation mechanism and we're running out of time to safely implement and deploy that for the date fixed in the old one.",en,"['bergealex4', 'excellion', 'mrhodl']",[],[],1,0,2,[],[],https://twitter.com/morcosa/status/1364210093030580229,,,0,,,,,,,,"{'user_id': '58069392', 'username': 'morcosa'}",,,,
1364209772665450497,1363751091460956167	,2021-02-23 21:45:30 Malay Peninsula Standard Time,2021-02-23,21:45:30,+0800,58069392,morcosa,Alex Morcos,,"@bergealex4 @Excellion @MrHodl So what do you think about this scenario then? For whatever reason MASF doesn't activate, maybe just a few too many miners don't bother.  Consensus at that point is we should just UASF to get Taproot because there is no real opposition.  However...",en,"['bergealex4', 'excellion', 'mrhodl']",[],[],1,0,1,[],[],https://twitter.com/morcosa/status/1364209772665450497,,,0,,,,,,,,"{'user_id': '744660060635271168', 'username': 'bergealex4'}",,,,
1364208446103560193,1363751091460956167	,2021-02-23 21:40:13 Malay Peninsula Standard Time,2021-02-23,21:40:13,+0800,58069392,morcosa,Alex Morcos,,@bergealex4 @Excellion @MrHodl Sure eventually you may have to do that.  But it was unnecessarily rushed then and not even needed now.,en,"['bergealex4', 'excellion', 'mrhodl']",[],[],1,0,0,[],[],https://twitter.com/morcosa/status/1364208446103560193,,,0,,,,,,,,"{'user_id': '58069392', 'username': 'morcosa'}",,,,
1364208118620708867,1363751091460956167	,2021-02-23 21:38:55 Malay Peninsula Standard Time,2021-02-23,21:38:55,+0800,58069392,morcosa,Alex Morcos,,"@bergealex4 @Excellion @MrHodl Thats what happened with UASF, and we ran the risk of a real fork before BIP 91 brought some stability.  I would have rather had the outcome guaranteed more slowly and consensus more clearly built than the high stakes posturing.",en,"['bergealex4', 'excellion', 'mrhodl']",[],[],1,0,0,[],[],https://twitter.com/morcosa/status/1364208118620708867,,,0,,,,,,,,"{'user_id': '58069392', 'username': 'morcosa'}",,,,
1364207676943699969,1363751091460956167	,2021-02-23 21:37:10 Malay Peninsula Standard Time,2021-02-23,21:37:10,+0800,58069392,morcosa,Alex Morcos,,"@bergealex4 @Excellion @MrHodl That's mostly right.  I need to think through it, but I'm not sure providing a config option is the right thing. But easy enough for someone to code up and release lot=true also.

Individuals doing lot=true is risky imo, but sure, that should be their own choice to make.",en,"['bergealex4', 'excellion', 'mrhodl']",[],[],2,0,0,[],[],https://twitter.com/morcosa/status/1364207676943699969,,,0,,,,,,,,"{'user_id': '744660060635271168', 'username': 'bergealex4'}",,,,
1364205161846108160,1363751091460956167	,2021-02-23 21:27:10 Malay Peninsula Standard Time,2021-02-23,21:27:10,+0800,58069392,morcosa,Alex Morcos,,"@bergealex4 @Excellion @MrHodl The equivalence I find is in trying to bully people. Bitcoin should default to stability; less radical and slower change. We all agree we should upgrade if MASF works, we have not yet all agreed to UASF if it doesn't. Trying to force it through in the face of obvious opposition?",en,"['bergealex4', 'excellion', 'mrhodl']",[],[],2,0,1,[],[],https://twitter.com/morcosa/status/1364205161846108160,,,0,,,,,,,,"{'user_id': '744660060635271168', 'username': 'bergealex4'}",,,,
1364201911747039232,1363751091460956167	,2021-02-23 21:14:16 Malay Peninsula Standard Time,2021-02-23,21:14:16,+0800,58069392,morcosa,Alex Morcos,,"@Excellion @MrHodl That's so backwards. Of course devs should not make peoples decision. But if everyone just makes their own decision without trying to agree with everyone else, then you might as well switch to BU's Emergent Consensus.  So I think its obvious the ""faster"" people should wait..",en,"['excellion', 'mrhodl']",[],[],1,0,1,[],[],https://twitter.com/morcosa/status/1364201911747039232,,,0,,,,,,,,"{'user_id': '14654494', 'username': 'Excellion'}",,,,
1364198921661202438,1363751091460956167	,2021-02-23 21:02:23 Malay Peninsula Standard Time,2021-02-23,21:02:23,+0800,58069392,morcosa,Alex Morcos,,"@Excellion @MrHodl The only reason to want LOT=true is if you're trying to dispel the notion that miners control the rules. No one believes that. You're still fighting the last battle. This isn't BSV or BCH, it's BTC. Instead of focusing on that, focus on conservative changes and stability.",en,"['excellion', 'mrhodl']",[],[],1,1,9,[],[],https://twitter.com/morcosa/status/1364198921661202438,,,0,,,,,,,,"{'user_id': '58069392', 'username': 'morcosa'}",,,,
1364197872770686985,1363751091460956167	,2021-02-23 20:58:13 Malay Peninsula Standard Time,2021-02-23,20:58:13,+0800,58069392,morcosa,Alex Morcos,,@MrHodl @Excellion That wasn't the alternative. The alternative was not to turn it into a game of chicken and instead activate segwit some amount of time later once tempers had cooled and industry had come around.,en,"['mrhodl', 'excellion']",[],[],0,0,0,[],[],https://twitter.com/morcosa/status/1364197872770686985,,,0,,,,,,,,"{'user_id': '370872518', 'username': 'MrHodl'}",,,,
1364197522999287815,1363751091460956167	,2021-02-23 20:56:49 Malay Peninsula Standard Time,2021-02-23,20:56:49,+0800,58069392,morcosa,Alex Morcos,,@MrHodl @Excellion I agree they do. I also agree it shouldn't be a big deal. But it's exactly as if a significant group wanted to delay the activation date. Shouldn't that be the default. Go with the slower version.,en,"['mrhodl', 'excellion']",[],[],0,0,0,[],[],https://twitter.com/morcosa/status/1364197522999287815,,,0,,,,,,,,"{'user_id': '370872518', 'username': 'MrHodl'}",,,,
1364196068410462211,1363751091460956167	,2021-02-23 20:51:02 Malay Peninsula Standard Time,2021-02-23,20:51:02,+0800,58069392,morcosa,Alex Morcos,,@Excellion @MrHodl how silly can you be?   it‚Äôs not devs.  it‚Äôs the community agreeing on what rules PoW applies to.   LOT=T or F are 2 different rule sets.  We‚Äôve agreed on 99% of Taproot rules but not on that last part just because some yahoo twitterers think they are sticking it to miners.,en,"['excellion', 'mrhodl']",[],[],2,0,1,[],[],https://twitter.com/morcosa/status/1364196068410462211,,,0,,,,,,,,"{'user_id': '14654494', 'username': 'Excellion'}",,,,
1364194851252805635,1363751091460956167	,2021-02-23 20:46:12 Malay Peninsula Standard Time,2021-02-23,20:46:12,+0800,58069392,morcosa,Alex Morcos,,@Excellion I disagree.  I think rejecting 2X was that.  And proceeding with segwit anyway was the right thing.  The specifics of UASF were a clown show.  But the term UASF has come to refer to the larger story.  Not the reckless technical details.,en,['excellion'],[],[],0,0,0,[],[],https://twitter.com/morcosa/status/1364194851252805635,,,0,,,,,,,,"{'user_id': '14654494', 'username': 'Excellion'}",,,,
1364192958929661954,1363751091460956167	,2021-02-23 20:38:41 Malay Peninsula Standard Time,2021-02-23,20:38:41,+0800,58069392,morcosa,Alex Morcos,,"@Excellion I am an outside observer here, I don‚Äôt have much to do with development any more.  But I can‚Äôt imagine that you honestly think not discussing is the right outcome.  UASF was almost a disaster just as 2X.  You are the ones agitating for the controversial forced change.  Again.",en,['excellion'],[],[],2,0,1,[],[],https://twitter.com/morcosa/status/1364192958929661954,,,0,,,,,,,,"{'user_id': '14654494', 'username': 'Excellion'}",,,,
1364191216242417675,1363751091460956167	,2021-02-23 20:31:46 Malay Peninsula Standard Time,2021-02-23,20:31:46,+0800,58069392,morcosa,Alex Morcos,,@Excellion The alternative is to release no default and have software that doesn‚Äôt keep consensus with itself?  That sounds like pretty much the whole thing we‚Äôre trying to avoid,en,['excellion'],[],[],3,0,1,[],[],https://twitter.com/morcosa/status/1364191216242417675,,,0,,,,,,,,"{'user_id': '14654494', 'username': 'Excellion'}",,,,
1364007670538199040,1363751091460956167	,2021-02-23 08:22:25 Malay Peninsula Standard Time,2021-02-23,08:22:25,+0800,58069392,morcosa,Alex Morcos,,@hampus_s @bergealex4 @danrobinson @Excellion exactly.  so LOT=false is sufficient.  we would only need LOT=true if we don‚Äôt have overwhelming consensus because miners aren‚Äôt on board and then it becomes a bigger question,en,"['hampus_s', 'bergealex4', 'danrobinson', 'excellion']",[],[],1,0,0,[],[],https://twitter.com/morcosa/status/1364007670538199040,,,0,,,,,,,,"{'user_id': '138686046', 'username': 'hampus_s'}",,,,
1363915463827349507,1363751091460956167	,2021-02-23 02:16:01 Malay Peninsula Standard Time,2021-02-23,02:16:01,+0800,58069392,morcosa,Alex Morcos,,"@LukeDashjr @francispouliot_ @danrobinson @Excellion LOT=false just means it doesn't activate without miners active consent for now.  That's it.  ""for now"".  That seems a very good default to try if you ask me.  If miners are not actively consenting to it, we should ask why and proceed from there.",en,"['lukedashjr', 'francispouliot_', 'danrobinson', 'excellion']",[],[],1,0,2,[],[],https://twitter.com/morcosa/status/1363915463827349507,,,0,,,,,,,,"{'user_id': '728747154', 'username': 'LukeDashjr'}",,,,
1363914694428422149,1363751091460956167	,2021-02-23 02:12:58 Malay Peninsula Standard Time,2021-02-23,02:12:58,+0800,58069392,morcosa,Alex Morcos,,@LukeDashjr @francispouliot_ @danrobinson @Excellion or course not. it verifies for the one group for which you can easily verify.  verifying some is better than verifying none.,en,"['lukedashjr', 'francispouliot_', 'danrobinson', 'excellion']",[],[],1,0,0,[],[],https://twitter.com/morcosa/status/1363914694428422149,,,0,,,,,,,,"{'user_id': '728747154', 'username': 'LukeDashjr'}",,,,
1363914528120045572,1363751091460956167	,2021-02-23 02:12:18 Malay Peninsula Standard Time,2021-02-23,02:12:18,+0800,58069392,morcosa,Alex Morcos,,@LukeDashjr @francispouliot_ @danrobinson @Excellion Why are you spreading misinformation?  How would trying LOT=false allow miners to cancel it permanently? It brings forward the heat death of the universe by a googol years? LOT=false just gives us more options if our current assumptions prove incorrect.,en,"['lukedashjr', 'francispouliot_', 'danrobinson', 'excellion']",[],[],1,0,0,[],[],https://twitter.com/morcosa/status/1363914528120045572,,,0,,,,,,,,"{'user_id': '728747154', 'username': 'LukeDashjr'}",,,,
1363873104343236611,1363751091460956167	,2021-02-22 23:27:42 Malay Peninsula Standard Time,2021-02-22,23:27:42,+0800,58069392,morcosa,Alex Morcos,,"@midmagic @francispouliot_ @danrobinson @Excellion well i imagine it's more like a community consensus that we need to delay, that they can just implement for us without requiring a hard fork.",en,"['midmagic', 'francispouliot_', 'danrobinson', 'excellion']",[],[],1,0,1,[],[],https://twitter.com/morcosa/status/1363873104343236611,,,0,,,,,,,,"{'user_id': '116682208', 'username': 'midmagic'}",,,,
1363872868111646720,1363751091460956167	,2021-02-22 23:26:45 Malay Peninsula Standard Time,2021-02-22,23:26:45,+0800,58069392,morcosa,Alex Morcos,,"@francispouliot_ @danrobinson @Excellion OK, I don't think its worth engaging in this any more.  Just note that you are trying to force through a change over objections.  You can justify that all you want, but in my opinion the default should almost always be no change.",en,"['francispouliot_', 'danrobinson', 'excellion']",[],[],2,0,6,[],[],https://twitter.com/morcosa/status/1363872868111646720,,,0,,,,,,,,"{'user_id': '1643500784', 'username': 'francispouliot_'}",,,,
1363871676933562375,1363751091460956167	,2021-02-22 23:22:01 Malay Peninsula Standard Time,2021-02-22,23:22:01,+0800,58069392,morcosa,Alex Morcos,,"@francispouliot_ @danrobinson @Excellion But it also provides an important safety valve... what happens if we discover some other large part of the community isn't on board, or serious bugs when everyone implements, or anything similar.  Then miners can help safely delay.",en,"['francispouliot_', 'danrobinson', 'excellion']",[],[],3,0,4,[],[],https://twitter.com/morcosa/status/1363871676933562375,,,0,,,,,,,,"{'user_id': '58069392', 'username': 'morcosa'}",,,,
1363871449505751042,1363751091460956167	,2021-02-22 23:21:07 Malay Peninsula Standard Time,2021-02-22,23:21:07,+0800,58069392,morcosa,Alex Morcos,,"@francispouliot_ @danrobinson @Excellion Exactly the point. It's the way you verify that everyone is on board. (or at least those you can) If they ""veto"" it, then you've discovered that not everyone was on board, and so you have to reevaluate with this new information.  Likely it just leads to an unfortunate delay.",en,"['francispouliot_', 'danrobinson', 'excellion']",[],[],3,0,4,[],[],https://twitter.com/morcosa/status/1363871449505751042,,,0,,,,,,,,"{'user_id': '1643500784', 'username': 'francispouliot_'}",,,,
1363869517554810882,1363751091460956167	,2021-02-22 23:13:27 Malay Peninsula Standard Time,2021-02-22,23:13:27,+0800,58069392,morcosa,Alex Morcos,,@francispouliot_ @danrobinson @Excellion I don't understand.  We're not.  We're just trying it that way first.  What is the rush?,en,"['francispouliot_', 'danrobinson', 'excellion']",[],[],2,0,3,[],[],https://twitter.com/morcosa/status/1363869517554810882,,,0,,,,,,,,"{'user_id': '1643500784', 'username': 'francispouliot_'}",,,,
1363869079640150023,1363751091460956167	,2021-02-22 23:11:42 Malay Peninsula Standard Time,2021-02-22,23:11:42,+0800,58069392,morcosa,Alex Morcos,,"@francispouliot_ @danrobinson @Excellion I'd first want to understand why, and then make sure that the majority of the community wanted to activate it anyway, then I'd support a UASF.   We're not in that position.  There is no reason to believe anyone is adverse to this.  So lets proceed cooperatively.",en,"['francispouliot_', 'danrobinson', 'excellion']",[],[],0,0,1,[],[],https://twitter.com/morcosa/status/1363869079640150023,,,0,,,,,,,,"{'user_id': '58069392', 'username': 'morcosa'}",,,,
1363868791734759427,1363751091460956167	,2021-02-22 23:10:34 Malay Peninsula Standard Time,2021-02-22,23:10:34,+0800,58069392,morcosa,Alex Morcos,,"@francispouliot_ @danrobinson @Excellion I want to base activate on the premise that virtually everyone has agreed to it.  Hashpower is one of the few things that can be quantitatively assessed and it also adds a safety factor in coordination.   If miners didn't activate Taproot, that would be very bad.",en,"['francispouliot_', 'danrobinson', 'excellion']",[],[],1,0,1,[],[],https://twitter.com/morcosa/status/1363868791734759427,,,0,,,,,,,,"{'user_id': '1643500784', 'username': 'francispouliot_'}",,,,
1363868033895301120,1363751091460956167	,2021-02-22 23:07:33 Malay Peninsula Standard Time,2021-02-22,23:07:33,+0800,58069392,morcosa,Alex Morcos,,"@francispouliot_ @danrobinson @Excellion Consensus changes should be slow and deliberate and err on the side of caution.  That's one thing that differentiates Bitcoin.  LOT=false should be the default, everyone is on board.   LOT=true should be for a worst case scenario.   We can always do that after if we need.",en,"['francispouliot_', 'danrobinson', 'excellion']",[],[],1,1,22,[],[],https://twitter.com/morcosa/status/1363868033895301120,,,0,,,,,,,,"{'user_id': '58069392', 'username': 'morcosa'}",,,,
1363867438216081414,1363751091460956167	,2021-02-22 23:05:11 Malay Peninsula Standard Time,2021-02-22,23:05:11,+0800,58069392,morcosa,Alex Morcos,,"@francispouliot_ @danrobinson @Excellion My understanding is we think miners will activate it.  If they don't, thats new information we should take into account and then at that time decide as a community to activate it in spite of them.  I'm all for the idea of a UASF when necessary.",en,"['francispouliot_', 'danrobinson', 'excellion']",[],[],4,3,25,[],[],https://twitter.com/morcosa/status/1363867438216081414,,,0,,,,,,,,"{'user_id': '1643500784', 'username': 'francispouliot_'}",,,,
1363860204312547329,1363751091460956167	,2021-02-22 22:36:26 Malay Peninsula Standard Time,2021-02-22,22:36:26,+0800,58069392,morcosa,Alex Morcos,,@danrobinson @Excellion Unfortunately the wrong lessons were learned from UASF.  The idea is super valuable.  Miners shouldn't have a unilateral veto. But also a group of users (or any group) shouldn't force through a change without overwhelming consensus.  BIP 91 saved us from this mess last time.,en,"['danrobinson', 'excellion']",[],[],4,1,23,[],[],https://twitter.com/morcosa/status/1363860204312547329,,,0,,,,,,,,"{'user_id': '273288231', 'username': 'danrobinson'}",,,,
1363854163159973892,1363751091460956167	,2021-02-22 22:12:26 Malay Peninsula Standard Time,2021-02-22,22:12:26,+0800,58069392,morcosa,Alex Morcos,,@Excellion This is incredibly disappointing.  There is absolutely no reason to LOT=true now.  None.  Zero reason.  Wanting this puts you in the same boat as Roger or the 2X crowd.  Trying to force everyone else into change they don't accept.  But its ok when you're the one doing it?,en,['excellion'],[],[],7,4,47,[],[],https://twitter.com/morcosa/status/1363854163159973892,,,0,,,,,,,,"{'user_id': '14654494', 'username': 'Excellion'}",,,,
1355144442840276994,1355136153129787393	,2021-01-29 21:23:07 Malay Peninsula Standard Time,2021-01-29,21:23:07,+0800,58069392,morcosa,Alex Morcos,,"@CobraBitcoin @JihanWu The UX on Steam is so horrific, someone has to take them on...",en,"['cobrabitcoin', 'jihanwu']",[],[],0,0,4,[],[],https://twitter.com/morcosa/status/1355144442840276994,,,0,,,,,,,,"{'user_id': '919638257402548224', 'username': 'CobraBitcoin'}",,,,
1352367922312851457,1352367922312851457	,2021-01-22 05:30:13 Malay Peninsula Standard Time,2021-01-22,05:30:13,+0800,58069392,morcosa,Alex Morcos,,"Craig Wright is inconsequential. But this sets a good a example of how Bitcoin should respond to threats. In a distributed manner, with strength in numbers, and not being reliant on any small group of individuals or organizations.",en,[],[],[],8,18,183,[],[],https://twitter.com/morcosa/status/1352367922312851457,,https://twitter.com/CoinDesk/status/1352308777605804033,0,,,,,,,,"{'user_id': None, 'username': None}",,,,
1352269215378583553,1352263301657485314	,2021-01-21 22:57:59 Malay Peninsula Standard Time,2021-01-21,22:57:59,+0800,58069392,morcosa,Alex Morcos,,@Decentralizd @CobraBitcoin I don't think anyone or organization capitulated.  I think hosting the white paper is irrelevant to the mission of Bitcoin Core.  I believe Core would fight on something important but also that Bitcoin should be able to survive regardless of what a few individuals do.,en,"['decentralizd', 'cobrabitcoin']",[],[],3,0,8,[],[],https://twitter.com/morcosa/status/1352269215378583553,,,0,,,,,,,,"{'user_id': '4498251928', 'username': 'Decentralizd'}",,,,
1352268120975667202,1352263301657485314	,2021-01-21 22:53:38 Malay Peninsula Standard Time,2021-01-21,22:53:38,+0800,58069392,morcosa,Alex Morcos,,"@CobraBitcoin I disagree with that characterization.  But if Bitcoin depends on ""Bitcoin Core"" or one developer, then it's lost.  I think this is a matter of picking your battles.  This battle seems best fought by many others rather than developers.",en,['cobrabitcoin'],[],[],1,0,12,[],[],https://twitter.com/morcosa/status/1352268120975667202,,,0,,,,,,,,"{'user_id': '919638257402548224', 'username': 'CobraBitcoin'}",,,,
1352267162061328386,1352263301657485314	,2021-01-21 22:49:50 Malay Peninsula Standard Time,2021-01-21,22:49:50,+0800,58069392,morcosa,Alex Morcos,,@CobraBitcoin Why are we fighting amongst ourselves?  Surely that's what CSW wants. Those who want to host it and fight the fight if necessary should be free to do so (as you and I are doing).  Those who'd like to spend their time and energy contributing to BTC in other ways should do that.,en,['cobrabitcoin'],[],[],3,0,24,[],[],https://twitter.com/morcosa/status/1352267162061328386,,,0,,,,,,,,"{'user_id': '919638257402548224', 'username': 'CobraBitcoin'}",,,,
1344347588405944325,1344347588405944325	,2020-12-31 02:20:16 Malay Peninsula Standard Time,2020-12-31,02:20:16,+0800,58069392,morcosa,Alex Morcos,,"The proposed FINCEN rulemaking is dangerous and absurd in its process.  Thanks Ben, for helping point that out.",en,[],[],[],2,6,39,[],[],https://twitter.com/morcosa/status/1344347588405944325,,https://twitter.com/bendavenport/status/1344341036412203014,0,,,,,,,,"{'user_id': None, 'username': None}",,,,
1326521607339307009,1326514587865411584	,2020-11-11 21:46:11 Malay Peninsula Standard Time,2020-11-11,21:46:11,+0800,58069392,morcosa,Alex Morcos,,@wtogami @hasufl ah see i thought that was the whole premise of Bitcoin.  depends i guess on how you define double spend.   zero tolerance for permanent double spends.,en,"['wtogami', 'hasufl']",[],[],2,0,3,[],[],https://twitter.com/morcosa/status/1326521607339307009,,,0,,,,,,,,"{'user_id': '592632913', 'username': 'wtogami'}",,,,
1322224258857185282,1322224258857185282	,2020-10-31 01:10:03 Malay Peninsula Standard Time,2020-10-31,01:10:03,+0800,58069392,morcosa,Alex Morcos,,"John, thank you for everything you put into building Chaincode.  It wouldn't be what it is today without you!  We'll miss you around the office but look forward to working together on Bitcoin from afar.",en,[],[],[],1,1,36,[],[],https://twitter.com/morcosa/status/1322224258857185282,,https://twitter.com/ChaincodeLabs/status/1322199044094087171,0,,,,,,,,"{'user_id': None, 'username': None}",,,,
1302983373191872512,1302965284240871425	,2020-09-07 22:53:39 Malay Peninsula Standard Time,2020-09-07,22:53:39,+0800,58069392,morcosa,Alex Morcos,,@giacomozucco @TheBlueMatt I hope most regular contributors feel the same because in my opinion that creates a project community I‚Äôd like to work with and in my experience is most attractive to talented developers.,en,"['giacomozucco', 'thebluematt']",[],[],1,0,3,[],[],https://twitter.com/morcosa/status/1302983373191872512,,,0,,,,,,,,"{'user_id': '58069392', 'username': 'morcosa'}",,,,
1302983002490908673,1302965284240871425	,2020-09-07 22:52:10 Malay Peninsula Standard Time,2020-09-07,22:52:10,+0800,58069392,morcosa,Alex Morcos,,@giacomozucco @TheBlueMatt And I don‚Äôt think it‚Äôs bullshit.  I admit I‚Äôm no expert on what changes actually best promote inclusivity.  But I‚Äôd like to learn and be better about it.  And dismissing such efforts as ‚ÄúPC SJW‚Äù is an attitude I fundamentally disagree with.,en,"['giacomozucco', 'thebluematt']",[],[],7,0,9,[],[],https://twitter.com/morcosa/status/1302983002490908673,,,0,,,,,,,,"{'user_id': '58069392', 'username': 'morcosa'}",,,,
1302982295276658701,1302965284240871425	,2020-09-07 22:49:22 Malay Peninsula Standard Time,2020-09-07,22:49:22,+0800,58069392,morcosa,Alex Morcos,,"@giacomozucco @TheBlueMatt Giacomo, it was merged and closed and over 3 months ago.  Fighting over it now, not because the new name was less than ideal, but because of why it was changed in the first place.  Ugh.  It‚Äôs an INTERNAL variable name.",en,"['giacomozucco', 'thebluematt']",[],[],3,0,14,[],[],https://twitter.com/morcosa/status/1302982295276658701,,,0,,,,,,,,"{'user_id': '338410478', 'username': 'giacomozucco'}",,,,
1302972399386791936,1302965284240871425	,2020-09-07 22:10:02 Malay Peninsula Standard Time,2020-09-07,22:10:02,+0800,58069392,morcosa,Alex Morcos,,"@TheBlueMatt They are right that vigilance of code changes on the communities part is critical to Bitcoins success but they are badly misguided in choosing this as their battle. The argument is that such changes are a distraction that could allow bugs, but they have caused the distraction.",en,['thebluematt'],[],[],4,0,23,[],[],https://twitter.com/morcosa/status/1302972399386791936,,,0,,,,,,,,"{'user_id': '58069392', 'username': 'morcosa'}",,,,
1302971790029922306,1302965284240871425	,2020-09-07 22:07:37 Malay Peninsula Standard Time,2020-09-07,22:07:37,+0800,58069392,morcosa,Alex Morcos,,"@TheBlueMatt Speaking for myself, I want to emphasize that the problem here is not the variable name change, regardless of its motivation, but the anti-PC Bitcoin ‚Äúwarriors‚Äù expending all their energy fighting the slightest hint of inclusivity at the expense of exhausting the regular devs.",en,['thebluematt'],[],[],10,6,71,[],[],https://twitter.com/morcosa/status/1302971790029922306,,,0,,,,,,,,"{'user_id': '256755545', 'username': 'TheBlueMatt'}",,,,
1276492070929215489,1276483107496103937	,2020-06-26 20:26:40 Malay Peninsula Standard Time,2020-06-26,20:26:40,+0800,58069392,morcosa,Alex Morcos,,"@CobraBitcoin Huge difference.  Liquid is just a company trying to sell their services.  They don‚Äôt have a coin to pump.  They aren‚Äôt trying to compete with Bitcoin.  If Ripple didn‚Äôt have XRP, then you could make that analogy, but in that case no one would care about Ripple.",en,['cobrabitcoin'],[],[],2,0,13,[],[],https://twitter.com/morcosa/status/1276492070929215489,,,0,,,,,,,,"{'user_id': '919638257402548224', 'username': 'CobraBitcoin'}",,,,
1263795256920858624,1263789663845834754	,2020-05-22 19:34:04 Malay Peninsula Standard Time,2020-05-22,19:34:04,+0800,58069392,morcosa,Alex Morcos,,@MrHodl why are you no fun?,en,['mrhodl'],[],[],1,0,33,[],[],https://twitter.com/morcosa/status/1263795256920858624,,,0,,,,,,,,"{'user_id': '370872518', 'username': 'MrHodl'}",,,,
1256379069182205953,1256250941314961408	,2020-05-02 08:24:47 Malay Peninsula Standard Time,2020-05-02,08:24:47,+0800,58069392,morcosa,Alex Morcos,,@TheBlueMatt @itBit uhh. aren‚Äôt you doing it wrong? you only need a deposit address if you‚Äôre selling. good thing you don‚Äôt work here any more. what‚Äôs up with this goober @sqcrypto?,en,"['thebluematt', 'itbit']",[],[],3,1,19,[],[],https://twitter.com/morcosa/status/1256379069182205953,,,0,,,,,,,,"{'user_id': '256755545', 'username': 'TheBlueMatt'}",,,,
1250955349818998792,1250948550864908289	,2020-04-17 09:12:51 Malay Peninsula Standard Time,2020-04-17,09:12:51,+0800,58069392,morcosa,Alex Morcos,,@ScottGottliebMD I believe this isn't even counting the other excess deaths: 9348 supposedly non-COVID related deaths in last 5 weeks.   Which is about 4000 more than typical for that period.,en,['scottgottliebmd'],[],[],2,4,24,[],[],https://twitter.com/morcosa/status/1250955349818998792,,,0,,,,,,,,"{'user_id': '40156330', 'username': 'ScottGottliebMD'}",,,,
1246783913571291138,1246780137724674049	,2020-04-05 20:57:03 Malay Peninsula Standard Time,2020-04-05,20:57:03,+0800,58069392,morcosa,Alex Morcos,,@jerrybrito Add it to the mission statement.,en,['jerrybrito'],[],[],0,0,2,[],[],https://twitter.com/morcosa/status/1246783913571291138,,,0,,,,,,,,"{'user_id': '794532', 'username': 'jerrybrito'}",,,,
1246431983175163904,1246421553211789313	,2020-04-04 21:38:37 Malay Peninsula Standard Time,2020-04-04,21:38:37,+0800,58069392,morcosa,Alex Morcos,,"@brucefenton We need a proper accounting when this is over.  To be fair he said Americans don‚Äôt need to worry about it now, which was more or less right in January. The government needed to though.  What were they doing at the time?",en,['brucefenton'],[],[],1,0,12,[],[],https://twitter.com/morcosa/status/1246431983175163904,,,0,,,,,,,,"{'user_id': '19132398', 'username': 'brucefenton'}",,,,
1244352235523452928,1244342065917571072	,2020-03-30 03:54:26 Malay Peninsula Standard Time,2020-03-30,03:54:26,+0800,58069392,morcosa,Alex Morcos,,@twobitidiot Ha ha.  Do a poll for us. Check in on all the other 2X‚Äôers.,en,['twobitidiot'],[],[],0,0,7,[],[],https://twitter.com/morcosa/status/1244352235523452928,,,0,,,,,,,,"{'user_id': '2193616844', 'username': 'twobitidiot'}",,,,
1243673324913385479,1243672770917130243	,2020-03-28 06:56:41 Malay Peninsula Standard Time,2020-03-28,06:56:41,+0800,58069392,morcosa,Alex Morcos,,@brucefenton Both are needed but the prioritization of stimulus while completely fumbling and/or ignoring any mobilization of response to the actual virus is beyond comprehension.,en,['brucefenton'],[],[],1,0,2,[],[],https://twitter.com/morcosa/status/1243673324913385479,,,0,,,,,,,,"{'user_id': '19132398', 'username': 'brucefenton'}",,,,
1243507802158575616,1243507419877081094	,2020-03-27 19:58:57 Malay Peninsula Standard Time,2020-03-27,19:58:57,+0800,58069392,morcosa,Alex Morcos,,"Not sure what happened to the retweet:

https://t.co/rg3nmGKVsU",en,[],['https://twitter.com/balajis/status/1243495484708225024?s=20'],[],0,1,6,[],[],https://twitter.com/morcosa/status/1243507802158575616,,https://twitter.com/balajis/status/1243495484708225024?s=20,0,,,,,,,,"{'user_id': '58069392', 'username': 'morcosa'}",,,,
1243507419877081094,1243507419877081094	,2020-03-27 19:57:26 Malay Peninsula Standard Time,2020-03-27,19:57:26,+0800,58069392,morcosa,Alex Morcos,,"""You can't fix a judgment issue by giving people more power."" - This encapsulates my feelings exactly.",en,[],[],[],1,5,32,[],[],https://twitter.com/morcosa/status/1243507419877081094,,,0,,,,,,,,"{'user_id': None, 'username': None}",,,,
1237149891220176896,1237137774056050688	,2020-03-10 06:54:53 Malay Peninsula Standard Time,2020-03-10,06:54:53,+0800,58069392,morcosa,Alex Morcos,,@JeremyRubin Whoa buddy. You‚Äôve had some pretty bad ideas.,en,['jeremyrubin'],[],[],1,0,6,[],[],https://twitter.com/morcosa/status/1237149891220176896,,,0,,,,,,,,"{'user_id': '379400685', 'username': 'JeremyRubin'}",,,,
1227781309264793600,1227760757560840192	,2020-02-13 10:27:29 Malay Peninsula Standard Time,2020-02-13,10:27:29,+0800,58069392,morcosa,Alex Morcos,,"@OneMorePeter @blockchain ?
What?
Is that a joke?",en,"['onemorepeter', 'blockchain']",[],[],6,0,19,[],[],https://twitter.com/morcosa/status/1227781309264793600,,,0,,,,,,,,"{'user_id': '2325706010', 'username': 'OneMorePeter'}",,,,
1220087608899928066,1220078107270557701	,2020-01-23 04:55:28 Malay Peninsula Standard Time,2020-01-23,04:55:28,+0800,58069392,morcosa,Alex Morcos,,"@hasufl Yes but you've said this cartel plans to orphan blocks according to a rule that you have not said was generally accepted by the community.  Thats what makes it an attack.  Anyone should be free to mine, and not worry about rules that aren't enforced by everyone.",en,['hasufl'],[],[],1,0,2,[],[],https://twitter.com/morcosa/status/1220087608899928066,,,0,,,,,,,,"{'user_id': '566534886', 'username': 'hasufl'}",,,,
1220081779832492034,1220078107270557701	,2020-01-23 04:32:18 Malay Peninsula Standard Time,2020-01-23,04:32:18,+0800,58069392,morcosa,Alex Morcos,,"@hasufl I wouldn't say it has no impact on users.  This is the very definition of a 51% attack (assuming the community didn't agree on it as a soft fork).  If something like this were attempted in Bitcoin, we'd all be obligated to fight it vigorously.",en,['hasufl'],[],[],2,0,9,[],[],https://twitter.com/morcosa/status/1220081779832492034,,,0,,,,,,,,"{'user_id': '566534886', 'username': 'hasufl'}",,,,
1218247478941757446,1218225308232450050	,2020-01-18 03:03:27 Malay Peninsula Standard Time,2020-01-18,03:03:27,+0800,58069392,morcosa,Alex Morcos,,@NeerajKA üëÄ,und,['neerajka'],[],[],0,0,4,[],[],https://twitter.com/morcosa/status/1218247478941757446,,,0,,,,,,,,"{'user_id': '14710235', 'username': 'NeerajKA'}",,,,
1213114113250988036,1213109780421713922	,2020-01-03 23:05:17 Malay Peninsula Standard Time,2020-01-03,23:05:17,+0800,58069392,morcosa,Alex Morcos,,@WhalePanda At least he‚Äôs finally clear on which coin is Bitcoin,en,['whalepanda'],[],[],0,0,25,[],[],https://twitter.com/morcosa/status/1213114113250988036,,,0,,,,,,,,"{'user_id': '2799211554', 'username': 'WhalePanda'}",,,,
